Gross Salary,Basic Salary,HRA,Special Allowance,Other Components,Section 80C Deductions,Section 80D Deductions,Tax Payable
600000,150000.0,90000.0,210000.0,150000.0,150000.0,25000.0,2499.9500000000003
1200000,300000.0,180000.0,420000.0,300000.0,150000.0,25000.0,77499.75
1800000,449999.99999999994,270000.0,630000.0,450000.0,150000.0,25000.0,217499.45
2400000,599999.9999999999,360000.0,840000.0,600000.0,150000.0,25000.0,374999.45
